time,latitude,longitude,depth,mag,magType,nst,gap,dmin,rms,net,id,updated,place,type,horizontalError,depthError,magError,magNst,status,locationSource,magSource
2018-11-07T04:43:21.890Z,33.5008333,-116.798,2.18,0.47,ml,21,48,0.01167,0.13,ci,ci38352344,2018-11-07T04:47:04.046Z,"9km NE of Aguanga, CA",earthquake,0.19,0.23,0.08,13,automatic,ci,ci
2018-11-07T04:42:51.800Z,33.4973333,-116.7931667,3.55,0.81,ml,34,35,0.01615,0.18,ci,ci38352336,2018-11-07T04:46:31.543Z,"9km NE of Aguanga, CA",earthquake,0.19,0.64,0.14,26,automatic,ci,ci
2018-11-07T04:41:26.540Z,33.1921667,-115.604,2.6,1.44,ml,21,64,0.01761,0.18,ci,ci38352328,2018-11-07T04:45:03.031Z,"10km SW of Niland, CA",earthquake,0.31,0.26,0.247,27,automatic,ci,ci
2018-11-07T04:37:33.766Z,64.8535,-149.0731,21.2,1.4,ml,,,,0.6,ak,ak20334087,2018-11-07T04:43:37.600Z,"30km N of North Nenana, Alaska",earthquake,,0.3,,,automatic,ak,ak
2018-11-07T04:29:14.880Z,31.9201667,-115.827,11.68,1.91,ml,12,306,0.7297,0.27,ci,ci38352320,2018-11-07T04:33:05.959Z,"71km WSW of Alberto Oviedo Mota, B.C., MX",earthquake,3.27,31.61,0.21,12,automatic,ci,ci
2018-11-07T04:25:21.630Z,33.9215,-116.8055,5.41,0.5,ml,10,142,0.1134,0.06,ci,ci38352312,2018-11-07T04:28:54.183Z,"2km WNW of Cabazon, CA",earthquake,0.4,2.31,0.096,9,automatic,ci,ci
2018-11-07T04:14:28.380Z,33.519,-116.8291667,13.53,0.27,ml,12,74,0.0896,0.29,ci,ci38352304,2018-11-07T04:18:13.050Z,"9km NNE of Aguanga, CA",earthquake,0.87,2.58,0.131,2,automatic,ci,ci
2018-11-07T04:13:06.130Z,33.4906667,-116.7796667,4.01,0.35,ml,16,45,0.08251,0.16,ci,ci38352296,2018-11-07T04:16:47.068Z,"10km NE of Aguanga, CA",earthquake,0.3,0.78,0.127,11,automatic,ci,ci
2018-11-07T03:59:27.060Z,38.8233337,-122.7965012,2.27,1.37,md,19,78,0.0106,0.04,nc,nc73107741,2018-11-07T04:14:02.856Z,"6km NW of The Geysers, CA",earthquake,0.28,0.43,0.1,5,automatic,nc,nc
2018-11-07T03:56:19.500Z,33.1923333,-115.6015,2.54,1.28,ml,14,86,0.01898,0.16,ci,ci38352288,2018-11-07T04:00:02.835Z,"9km SW of Niland, CA",earthquake,0.34,0.34,0.18,24,automatic,ci,ci
2018-11-07T03:39:12.310Z,33.1868333,-115.6051667,2.96,1.87,ml,30,43,0.01282,0.21,ci,ci38352272,2018-11-07T03:50:14.580Z,"10km SW of Niland, CA",earthquake,0.31,0.45,0.286,29,automatic,ci,ci
2018-11-07T03:36:58.557Z,62.215,-148.6736,20.3,2.1,ml,,,,0.65,ak,ak20334078,2018-11-07T03:41:38.790Z,"47km N of Sutton-Alpine, Alaska",earthquake,,0.4,,,automatic,ak,ak
2018-11-07T03:32:09.590Z,33.576,-116.6771667,7.04,-0.01,ml,12,145,0.04001,0.37,ci,ci38352256,2018-11-07T03:35:50.597Z,"2km N of Anza, CA",earthquake,1.21,2.02,0.264,3,automatic,ci,ci
2018-11-07T03:24:11.180Z,63.1815,-150.84,123.5,2.1,ml,,,,0.54,ak,ak20334070,2018-11-07T03:33:14.503Z,"97km WSW of Cantwell, Alaska",earthquake,,0.7,,,automatic,ak,ak
2018-11-07T03:14:18.136Z,36.143,-115.9314,15.5,1.1,ml,11,77.99,0.37,0.1493,nn,nn00664574,2018-11-07T03:41:00.531Z,"8km SSE of Pahrump, Nevada",earthquake,,5.7,0.2,6,reviewed,nn,nn
2018-11-07T03:05:26.560Z,33.1673333,-115.5531667,1.9,1.14,ml,13,136,0.05135,0.22,ci,ci38352248,2018-11-07T03:09:08.550Z,"6km NW of Calipatria, CA",earthquake,0.72,0.64,0.18,16,automatic,ci,ci
2018-11-07T02:59:33.010Z,-21.4323,-178.998,600.87,4.5,mb,,97,8.831,0.52,us,us2000i7t8,2018-11-07T03:27:16.040Z,"91km SSW of Ndoi Island, Fiji",earthquake,14.3,8.6,0.099,30,reviewed,us,us
2018-11-07T02:53:18.498Z,61.7548,-149.7221,39.4,1.2,ml,,,,0.49,ak,ak20334006,2018-11-07T03:00:29.321Z,"14km NNE of Houston, Alaska",earthquake,,1.3,,,automatic,ak,ak
2018-11-07T02:48:35.460Z,33.1935,-115.6061667,2.11,1.75,ml,28,47,0.01721,0.2,ci,ci38352240,2018-11-07T02:52:26.089Z,"10km WSW of Niland, CA",earthquake,0.32,0.36,0.247,29,automatic,ci,ci
2018-11-07T02:44:54.480Z,33.2463333,-116.6735,9.11,0.79,ml,33,65,0.05194,0.22,ci,ci38352232,2018-11-07T02:48:27.112Z,"5km SW of Warner Springs, CA",earthquake,0.36,0.68,0.132,20,automatic,ci,ci
2018-11-07T02:34:00.840Z,30.4641,87.6425,10,4.6,mb,,92,2.6,0.76,us,us2000i7t3,2018-11-07T03:17:49.040Z,"108km WSW of Jiajuedibu, China",earthquake,5.6,1.9,0.097,32,reviewed,us,us
2018-11-07T02:27:04.270Z,19.545166,-155.611496,7.43,1.76,md,34,90,0.03094,0.32,hv,hv70676966,2018-11-07T02:30:40.040Z,"28km ENE of Honaunau-Napoopoo, Hawaii",earthquake,0.65,0.95,0.34,13,automatic,hv,hv
2018-11-07T02:19:27.626Z,64.8526,-149.0201,17.4,1.1,ml,,,,0.51,ak,ak20333998,2018-11-07T02:29:14.739Z,"30km N of North Nenana, Alaska",earthquake,,0.2,,,automatic,ak,ak
2018-11-07T02:19:20.060Z,33.989,-116.9323333,6.66,1.68,ml,64,45,0.07846,0.17,ci,ci38352216,2018-11-07T02:23:08.901Z,"8km NNE of Beaumont, CA",earthquake,0.18,0.54,0.165,26,automatic,ci,ci
2018-11-07T02:15:16.330Z,33.508,-116.7986667,2.64,0.43,ml,16,91,0.00458,0.12,ci,ci38352208,2018-11-07T02:18:46.222Z,"10km NE of Aguanga, CA",earthquake,0.27,0.34,0.076,8,automatic,ci,ci
2018-11-07T02:08:50.870Z,33.7216667,-116.8228333,15.34,0.58,ml,16,97,0.09098,0.11,ci,ci38352200,2018-11-07T02:12:40.679Z,"7km ESE of Valle Vista, CA",earthquake,0.35,0.56,0.155,10,automatic,ci,ci
2018-11-07T01:46:30.416Z,60.1741,-140.9217,12.8,1.6,ml,,,,0.92,ak,ak20333993,2018-11-07T01:52:06.573Z,"84km E of Cape Yakataga, Alaska",earthquake,,0.3,,,automatic,ak,ak
2018-11-07T01:40:58.454Z,60.8064,-149.8688,33.8,1.5,ml,,,,0.77,ak,ak20333991,2018-11-07T01:43:42.442Z,"45km S of Anchorage, Alaska",earthquake,,0.2,,,automatic,ak,ak
2018-11-07T01:32:40.057Z,60.2444,-152.2241,89.2,1.6,ml,,,,0.84,ak,ak20333989,2018-11-07T01:36:28.917Z,"39km SE of Redoubt Volcano, Alaska",earthquake,,0.9,,,automatic,ak,ak
2018-11-07T01:26:37.482Z,60.2909,-143.262,4.8,1,ml,,,,0.78,ak,ak20333984,2018-11-07T02:10:55.158Z,"52km WNW of Cape Yakataga, Alaska",earthquake,,0.4,,,reviewed,ak,ak
2018-11-07T01:19:11.970Z,37.5945,-118.8471667,0.39,0.61,md,6,172,0.01502,0.02,nc,nc73107721,2018-11-07T01:43:14.778Z,"12km ESE of Mammoth Lakes, CA",earthquake,0.49,0.84,0.11,5,reviewed,nc,nc
2018-11-07T01:19:09.580Z,33.2645,-117.0283333,0.21,0.77,ml,10,205,0.3777,0.19,ci,ci38352192,2018-11-07T01:23:01.508Z,"5km N of Valley Center, CA",earthquake,1.89,31.61,0.157,8,automatic,ci,ci
2018-11-07T01:14:50.280Z,37.6315002,-122.4980011,7.6,1.98,md,17,161,0.01926,0.06,nc,nc73107716,2018-11-07T02:16:02.824Z,"2km NNW of Pacifica, CA",earthquake,0.38,0.48,0.26,14,automatic,nc,nc
2018-11-07T01:11:31.101Z,59.5523,-153.3116,101.3,2.2,ml,,,,0.66,ak,ak20333977,2018-11-07T01:23:52.621Z,"87km WSW of Anchor Point, Alaska",earthquake,,0.4,,,automatic,ak,ak
2018-11-07T00:58:27.370Z,37.6711655,-118.8758316,3.28,1.07,md,9,197,0.02879,0.02,nc,nc73107711,2018-11-07T01:00:06.129Z,"10km ENE of Mammoth Lakes, CA",earthquake,0.7,1.49,0.07,8,automatic,nc,nc
2018-11-07T00:58:18.080Z,34.306,-117.0821667,3.15,1.83,ml,60,68,0.1406,0.15,ci,ci38352160,2018-11-07T01:09:12.440Z,"11km NNE of Running Springs, CA",earthquake,0.21,0.74,0.124,26,automatic,ci,ci
2018-11-07T00:54:29.420Z,37.6701667,-118.8736667,4.27,0.59,md,18,173,0.02949,0.03,nc,nc73107701,2018-11-07T01:34:13.449Z,"10km ENE of Mammoth Lakes, CA",earthquake,0.45,0.6,0.151,14,reviewed,nc,nc
2018-11-07T00:48:19.820Z,36.0243333,-117.7728333,1.77,0.66,ml,8,117,0.006201,0.05,ci,ci38352144,2018-11-07T00:51:59.961Z,"16km NE of Little Lake, CA",earthquake,0.18,0.2,0.291,4,automatic,ci,ci
2018-11-07T00:43:31.470Z,33.4963333,-116.7923333,5.9,0.97,ml,39,34,0.01734,0.19,ci,ci38352136,2018-11-07T00:47:11.866Z,"9km NE of Aguanga, CA",earthquake,0.2,0.73,0.148,26,automatic,ci,ci
2018-11-07T00:41:38.378Z,37.2415,-116.6895,8.7,0.4,ml,18,208.82,0.101,0.2107,nn,nn00664565,2018-11-07T00:53:40.518Z,"37km N of Beatty, Nevada",earthquake,,2.5,0.49,12,reviewed,nn,nn
2018-11-07T00:37:12.420Z,19.3101667,-155.2215,3.31,1.4,md,30,82,0.02894,0.1,hv,hv70676841,2018-11-07T01:12:08.130Z,"13km S of Volcano, Hawaii",earthquake,0.27,1.05,0.111,15,reviewed,hv,hv
2018-11-07T00:28:34.131Z,63.2598,-150.9605,0,1.6,ml,,,,1.18,ak,ak20333972,2018-11-07T00:33:19.679Z,"101km W of Cantwell, Alaska",earthquake,,0.3,,,automatic,ak,ak
2018-11-07T00:15:56.330Z,33.5028333,-116.797,3.46,1.18,ml,50,32,0.009915,0.18,ci,ci38352096,2018-11-07T00:27:04.730Z,"9km NE of Aguanga, CA",earthquake,0.16,0.52,0.13,26,automatic,ci,ci
2018-11-07T00:13:32.821Z,64.7709,-154.8041,0,1.8,ml,,,,0.92,ak,ak20333968,2018-11-07T00:21:24.086Z,"32km E of Ruby, Alaska",earthquake,,0.3,,,automatic,ak,ak
2018-11-07T00:07:59.065Z,62.5739,-153.4145,5,1.5,ml,,,,0.25,ak,ak20333965,2018-11-07T00:14:20.435Z,"119km ESE of McGrath, Alaska",earthquake,,0.3,,,automatic,ak,ak
2018-11-07T00:06:55.500Z,33.6283333,-116.6845,11.83,0.51,ml,17,91,0.07488,0.08,ci,ci38352072,2018-11-07T00:10:39.236Z,"8km N of Anza, CA",earthquake,0.23,0.37,0.147,12,automatic,ci,ci
2018-11-06T23:52:09.070Z,36.9611667,-97.8408333,7.64,2.47,ml,13,77,0.09797,0.04,ismpkansas,ismpkansas70252973,2018-11-07T01:56:42.160Z,"19km NNW of Medford, Oklahoma",earthquake,0.18,0.32,0.102,11,reviewed,ismp,ismp
2018-11-06T23:34:17.660Z,33.5031667,-116.7773333,3.53,0.55,ml,19,57,0.02131,0.09,ci,ci38352048,2018-11-06T23:37:54.792Z,"10km NE of Aguanga, CA",earthquake,0.17,0.37,0.093,17,automatic,ci,ci
2018-11-06T23:31:42.990Z,33.7866667,-115.9091667,2.88,1.56,ml,33,72,0.1134,0.24,ci,ci38352032,2018-11-06T23:35:21.606Z,"27km NE of Thermal, CA",earthquake,0.34,0.92,0.172,27,automatic,ci,ci
2018-11-06T23:22:01.354Z,36.3374,-116.3354,3,-0.4,ml,4,220.24,0.123,0.0793,nn,nn00664563,2018-11-07T02:05:50.779Z,"34km WNW of Pahrump, Nevada",earthquake,,13.7,0.57,3,reviewed,nn,nn
2018-11-06T23:07:35.180Z,33.4921667,-116.782,2.54,1.95,ml,67,32,0.02532,0.21,ci,ci38352008,2018-11-06T23:33:59.390Z,"10km NE of Aguanga, CA",earthquake,0.17,0.35,0.153,26,automatic,ci,ci
2018-11-06T22:50:42.470Z,24.2976,94.2939,64.22,4.1,mb,,100,0.067,0.56,us,us2000i7rq,2018-11-06T23:09:12.040Z,"37km ESE of Kakching, India",earthquake,8.3,6,0.14,14,reviewed,us,us
2018-11-06T22:34:38.690Z,19.3328342,-155.197998,3.78,1.77,md,39,82,0.04396,0.13,hv,hv70676701,2018-11-06T22:38:11.260Z,"11km SSE of Volcano, Hawaii",earthquake,0.35,1.27,0.19,25,automatic,hv,hv
2018-11-06T22:34:05.086Z,38.7091,-117.126,0,1.7,ml,11,147.03,0.132,0.5811,nn,nn00664553,2018-11-07T02:05:43.335Z,"71km N of Tonopah, Nevada",explosion,,0,0.27,9,reviewed,nn,nn
2018-11-06T22:24:03.320Z,38.8166656,-122.7634964,1.95,0.61,md,9,97,0.01467,0.01,nc,nc73107676,2018-11-06T22:25:42.282Z,"4km W of Cobb, CA",earthquake,0.35,0.67,0.21,2,automatic,nc,nc
2018-11-06T22:21:10.220Z,38.8196678,-122.809166,2.87,0.9,md,16,70,0.003789,0.03,nc,nc73107671,2018-11-06T22:22:47.161Z,"7km NW of The Geysers, CA",earthquake,0.33,0.71,,1,automatic,nc,nc
2018-11-06T22:16:21.040Z,37.5678333,-118.8783333,4.02,0.78,md,20,172,0.04495,0.06,nc,nc73107666,2018-11-06T23:59:28.191Z,"12km SE of Mammoth Lakes, CA",earthquake,0.33,0.52,0.233,17,reviewed,nc,nc
2018-11-06T22:15:54.650Z,38.7929993,-122.7661667,2.88,0.6,md,9,75,0.017,0.02,nc,nc73107661,2018-11-06T22:17:32.200Z,"2km NNW of The Geysers, CA",earthquake,0.38,0.89,0.28,2,automatic,nc,nc
2018-11-06T22:15:27.346Z,35.4834,-115.5359,0,1.8,ml,19,74.55,0.014,0.3576,nn,nn00664535,2018-11-07T02:05:38.669Z,"38km SSE of Sandy Valley, Nevada",explosion,,2,0.43,6,reviewed,nn,nn
2018-11-06T22:13:35.260Z,33.5071667,-116.802,3.19,0.78,ml,36,33,0.00537,0.22,ci,ci38351952,2018-11-06T22:31:32.588Z,"9km NE of Aguanga, CA",earthquake,0.26,0.74,0.165,24,reviewed,ci,ci
2018-11-06T22:12:04.880Z,49.3583333333333,-120.6365,-1.5,1.69,ml,4,262,,0.03,uw,uw61502711,2018-11-06T22:46:20.220Z,"14km SW of Princeton, Canada",explosion,2.01,31.61,0.0728431245998461,4,reviewed,uw,uw
2018-11-06T22:09:21.860Z,34.0438333,-117.2246667,14.91,0.91,ml,24,61,0.1106,0.12,ci,ci38351944,2018-11-06T22:44:32.463Z,"3km E of Loma Linda, CA",earthquake,0.21,0.53,0.132,14,reviewed,ci,ci
2018-11-06T22:04:17.700Z,37.5634995,-118.8768311,4.79,1.74,md,21,148,0.04625,0.04,nc,nc73107656,2018-11-06T22:33:03.536Z,"12km SE of Mammoth Lakes, CA",earthquake,0.33,0.55,0.25,17,automatic,nc,nc
2018-11-06T21:58:32.956Z,38.3916,-118.8964,8.4,0.7,ml,5,170.61,0.338,0.16,nn,nn00664560,2018-11-07T02:05:49.220Z,"27km WSW of Hawthorne, Nevada",earthquake,,47.4,0.1,2,reviewed,nn,nn
2018-11-06T21:57:21.230Z,38.8246651,-122.8538361,2.16,0.55,md,8,155,0.01918,0.03,nc,nc73107651,2018-11-06T21:58:57.785Z,"10km WNW of The Geysers, CA",earthquake,0.65,1.1,,1,automatic,nc,nc
2018-11-06T21:44:51.040Z,33.6763333,-116.6908333,16.12,0.6,ml,18,120,0.01602,0.12,ci,ci38351912,2018-11-06T22:01:47.641Z,"8km SSE of Idyllwild, CA",earthquake,0.37,0.43,0.11,6,reviewed,ci,ci
2018-11-06T21:41:25.010Z,38.8226662,-122.8506699,1.44,1.04,md,9,115,0.006871,0.02,nc,nc73107646,2018-11-06T21:43:02.613Z,"10km WNW of The Geysers, CA",earthquake,0.37,0.59,,1,automatic,nc,nc
2018-11-06T21:35:39.350Z,40.3643341,-124.2070007,30.26,2.15,md,8,192,0.08442,0.1,nc,nc73107641,2018-11-07T00:57:03.864Z,"8km ENE of Petrolia, CA",earthquake,1.44,2.56,0.12,3,automatic,nc,nc
2018-11-06T21:35:22.640Z,33.7808333,-116.1326667,8.39,1.17,ml,35,110,0.07569,0.15,ci,ci38351896,2018-11-06T21:59:30.920Z,"10km NE of Indio, CA",earthquake,0.22,0.62,0.129,19,reviewed,ci,ci
2018-11-06T21:34:21.490Z,32.911,-116.9321667,-0.18,1.72,ml,36,55,0.0755,0.31,ci,ci38351880,2018-11-06T21:48:36.605Z,"6km N of Lakeside, CA",quarry blast,0.44,31.61,0.174,28,reviewed,ci,ci
2018-11-06T21:25:13.250Z,40.2433333,-121.3121667,1.54,0.85,md,7,267,0.175,0.08,nc,nc73107636,2018-11-06T21:54:41.124Z,"10km SW of Chester, CA",earthquake,0.95,31.61,0.241,7,reviewed,nc,nc
2018-11-06T21:22:56.130Z,-45.5046,-76.696,10,5.3,mww,,183,2.629,0.7,us,us2000i7qy,2018-11-06T21:46:15.040Z,"Off the coast of Aisen, Chile",earthquake,9.1,1.9,0.071,19,reviewed,us,us
2018-11-06T21:22:32.494Z,69.2954,-144.042,0,2.9,ml,,,,0.73,ak,ak20333787,2018-11-06T21:35:22.284Z,"94km S of Kaktovik, Alaska",earthquake,,0.6,,,automatic,ak,ak
2018-11-06T21:20:25.513Z,39.2712,-115.0067,1.5,1.6,ml,7,137.72,0.59,0.5101,nn,nn00664524,2018-11-07T02:05:34.640Z,"10km WNW of Ely, Nevada",explosion,,12,0.03,2,reviewed,nn,nn
2018-11-06T21:20:02.230Z,33.5073333,-116.7943333,3.37,0.48,ml,28,58,0.007107,0.13,ci,ci38351848,2018-11-06T21:38:23.425Z,"10km NE of Aguanga, CA",earthquake,0.16,0.3,0.091,11,reviewed,ci,ci
2018-11-06T21:16:32.270Z,38.8250008,-122.7955017,2.51,1.05,md,9,115,0.01398,0.02,nc,nc73107631,2018-11-06T21:36:02.129Z,"6km W of Cobb, CA",earthquake,0.42,0.63,0.04,4,automatic,nc,nc
2018-11-06T21:16:07.190Z,59.6921,-140.4549,4.9,2.1,ml,,,,1.68,ak,ak20333783,2018-11-06T21:22:46.289Z,"44km WNW of Yakutat, Alaska",earthquake,,0.5,,,automatic,ak,ak
2018-11-06T21:08:23.757Z,62.1192,-150.7725,69.7,1.3,ml,,,,0.19,ak,ak20333780,2018-11-06T21:12:11.118Z,"41km WSW of Talkeetna, Alaska",earthquake,,0.8,,,automatic,ak,ak
2018-11-06T21:01:40.895Z,60.27,-152.1584,85.5,1.4,ml,,,,0.39,ak,ak20333777,2018-11-06T21:07:59.104Z,"40km SE of Redoubt Volcano, Alaska",earthquake,,0.9,,,automatic,ak,ak
2018-11-06T21:00:28.781Z,61.424,-149.9139,34.2,1.1,ml,,,,0.72,ak,ak20333776,2018-11-06T21:03:36.862Z,"11km SSE of Big Lake, Alaska",earthquake,,0.3,,,automatic,ak,ak
2018-11-06T20:59:51.820Z,33.4913333,-116.7825,2.81,2.18,ml,90,21,0.02574,0.2,ci,ci38351800,2018-11-07T03:25:54.530Z,"9km NE of Aguanga, CA",earthquake,0.13,0.44,0.177,25,reviewed,ci,ci
2018-11-06T20:56:24.470Z,35.8991661,-120.4293365,2.72,1.23,md,8,128,0.006726,0.2,nc,nc73107621,2018-11-06T21:16:03.491Z,"0km ENE of Parkfield, CA",earthquake,2.71,2.11,,1,automatic,nc,nc
2018-11-06T20:54:49.290Z,33.5018333,-116.7761667,2.87,0.73,ml,31,38,0.02278,0.18,ci,ci38351784,2018-11-06T21:10:56.360Z,"10km NE of Aguanga, CA",earthquake,0.23,0.65,0.124,20,reviewed,ci,ci
2018-11-06T20:52:37.520Z,33.4976667,-116.778,3.86,1.13,ml,42,31,0.02374,0.15,ci,ci38351776,2018-11-06T21:43:20.190Z,"10km NE of Aguanga, CA",earthquake,0.14,0.36,0.106,24,reviewed,ci,ci
2018-11-06T20:49:23.720Z,36.6761667,-121.304,4.25,1.12,md,24,106,0.06573,0.08,nc,nc73107616,2018-11-07T00:58:02.870Z,"13km S of Tres Pinos, CA",earthquake,0.3,1.11,0.276,20,reviewed,nc,nc
2018-11-06T20:37:26.820Z,33.1873333,-115.606,3.56,1.58,ml,34,43,0.01273,0.21,ci,ci38351728,2018-11-06T21:34:22.726Z,"10km SW of Niland, CA",earthquake,0.21,0.17,0.2,34,reviewed,ci,ci
2018-11-06T20:35:50.850Z,46.6725,-121.880166666667,7.25,1.02,ml,13,143,,0.17,uw,uw61502696,2018-11-06T22:18:33.680Z,"17km WNW of Packwood, Washington",earthquake,1.11,0.61,0.164566526270743,8,reviewed,uw,uw
2018-11-06T20:30:18.610Z,-7.3064,123.8041,490.37,4.7,mb,,39,2.037,0.94,us,us2000i7pt,2018-11-06T20:41:20.040Z,"176km NE of Palue, Indonesia",earthquake,10.9,11.4,0.142,15,reviewed,us,us
2018-11-06T20:26:25.120Z,39.6093333,-121.56,-0.16,1.75,md,8,168,0.06051,0.09,nc,nc73107606,2018-11-06T23:10:22.110Z,"11km N of Oroville, CA",quarry blast,0.63,31.61,0.236,13,reviewed,nc,nc
2018-11-06T20:26:16.916Z,37.502,-117.72,0,0.6,ml,10,128.55,0.241,0.1647,nn,nn00664559,2018-11-07T02:05:47.250Z,"48km WSW of Goldfield, Nevada",earthquake,,0,0.2,9,reviewed,nn,nn
2018-11-06T20:18:22.662Z,64.5426,-149.299,15.7,1,ml,,,,0.31,ak,ak20333721,2018-11-06T20:27:00.732Z,"9km WSW of North Nenana, Alaska",earthquake,,0.2,,,automatic,ak,ak
2018-11-06T20:18:10.940Z,19.4718,-65.6358,30,3.26,md,16,314,1.246,0.23,pr,pr2018310007,2018-11-06T20:42:51.530Z,"117km N of Vieques, Puerto Rico",earthquake,1.38,16,0.42,13,reviewed,pr,pr
2018-11-06T20:14:16.070Z,-21.7904,-68.6986,130.13,4.6,mb,,36,0.505,1.39,us,us2000i7pa,2018-11-06T23:02:44.040Z,"78km NNE of Calama, Chile",earthquake,6.6,4.5,0.129,18,reviewed,us,us
2018-11-06T20:09:20.334Z,61.364,-141.0652,23.2,1,ml,,,,0.17,ak,ak20333719,2018-11-06T20:14:54.952Z,"162km NNE of Cape Yakataga, Alaska",earthquake,,0.6,,,automatic,ak,ak
2018-11-06T19:58:54.320Z,33.5003333,-116.7971667,4.15,1.19,ml,48,26,0.0123,0.16,ci,ci38351680,2018-11-06T20:37:01.180Z,"9km NE of Aguanga, CA",earthquake,0.14,0.37,0.143,23,reviewed,ci,ci
2018-11-06T19:57:58.660Z,59.3517,-142.8097,10.7,1.6,ml,,,,1.29,ak,ak20333717,2018-11-06T20:01:28.990Z,"82km SSW of Cape Yakataga, Alaska",earthquake,,2.9,,,automatic,ak,ak
2018-11-06T19:46:37.688Z,38.3855,-118.9004,7.8,1.3,ml,14,67.88,0.128,0.1836,nn,nn00664514,2018-11-07T02:05:24.660Z,"28km WSW of Hawthorne, Nevada",earthquake,,3.1,0.08,3,reviewed,nn,nn
2018-11-06T19:40:17.262Z,39.8913,-120.4404,13.1,1.2,ml,10,80.9,0.122,0.1543,nn,nn00664558,2018-11-07T02:05:45.381Z,"9km NNE of Portola, California",earthquake,,1.7,1.05,4,reviewed,nn,nn
2018-11-06T19:37:46.030Z,37.6141667,-118.8188333,5.16,0.42,md,15,197,0.02104,0.05,nc,nc73107581,2018-11-06T21:26:03.037Z,"14km WNW of Toms Place, CA",earthquake,1.2,0.91,0.284,12,reviewed,nc,nc
2018-11-06T19:28:11.480Z,37.7171667,-122.1216667,5.38,2.53,md,96,28,0.00723,0.11,nc,nc73107571,2018-11-07T04:04:24.329Z,"3km ESE of San Leandro, CA",earthquake,0.09,0.15,0.149,84,reviewed,nc,nc
2018-11-06T19:18:01.080Z,36.0188333,-117.6966667,2.52,0.95,ml,20,61,0.05597,0.07,ci,ci38351616,2018-11-06T20:00:02.982Z,"21km ENE of Little Lake, CA",earthquake,0.1,0.15,0.171,11,reviewed,ci,ci
2018-11-06T19:17:45.137Z,39.6824,-119.892,5.3,-0.2,ml,5,155.58,0.092,0.0564,nn,nn00664506,2018-11-07T02:05:19.183Z,"6km NW of Lemmon Valley, Nevada",earthquake,,8.7,0.19,2,reviewed,nn,nn
2018-11-06T19:13:56.937Z,60.0321,-141.5314,0,1.2,ml,,,,1.87,ak,ak20333713,2018-11-06T19:19:50.674Z,"50km E of Cape Yakataga, Alaska",earthquake,,0.5,,,automatic,ak,ak
2018-11-06T19:13:10.930Z,38.7868347,-122.7631683,0.97,1.35,md,14,66,0.01622,0.03,nc,nc73107561,2018-11-06T21:59:03.312Z,"1km NNW of The Geysers, CA",earthquake,0.22,0.54,0.06,4,automatic,nc,nc
2018-11-06T19:12:45.330Z,33.7148333,-116.812,15.52,0.68,ml,20,182,0.08163,0.18,ci,ci38351592,2018-11-06T19:25:29.120Z,"8km ESE of Valle Vista, CA",earthquake,0.6,0.54,0.088,12,reviewed,ci,ci
2018-11-06T19:00:38.610Z,60.3058,-143.0088,9.6,0.5,ml,,,,0.21,ak,ak20333712,2018-11-06T20:52:21.671Z,"41km NW of Cape Yakataga, Alaska",earthquake,,0.8,,,reviewed,ak,ak
2018-11-06T18:57:56.050Z,34.107,-117.477,9.31,1.22,ml,33,43,0.03258,0.13,ci,ci38351568,2018-11-06T19:20:05.844Z,"2km WNW of Fontana, CA",earthquake,0.19,0.34,0.113,38,reviewed,ci,ci
2018-11-06T18:54:19.030Z,18.6255,-66.8588,17,2.32,md,4,312,0.2979,0.09,pr,pr2018310006,2018-11-06T19:10:05.584Z,"15km NNW of Hatillo, Puerto Rico",earthquake,0.89,0.64,0.08,3,reviewed,pr,pr
2018-11-06T18:53:52.870Z,53.7901667,-166.6355,12.66,0.12,ml,5,218,0.06929,0.17,av,av70810074,2018-11-07T00:44:44.400Z,"11km SW of Unalaska, Alaska",earthquake,1.16,1.43,0.134,5,reviewed,av,av
2018-11-06T18:46:46.752Z,60.1299,-141.2379,4.3,1.3,ml,,,,0.89,ak,ak20333715,2018-11-06T19:25:03.069Z,"66km E of Cape Yakataga, Alaska",earthquake,,15.5,,,reviewed,ak,ak
2018-11-06T18:44:29.218Z,59.9604,-152.1618,74,1.3,ml,,,,0.46,ak,ak20333592,2018-11-06T18:49:55.289Z,"27km NW of Anchor Point, Alaska",earthquake,,1.2,,,automatic,ak,ak
2018-11-06T18:43:14.740Z,38.7879982,-122.7638321,1.64,1.3,md,15,65,0.01732,0.03,nc,nc73107556,2018-11-06T21:31:03.101Z,"1km NNW of The Geysers, CA",earthquake,0.22,0.45,0.14,5,automatic,nc,nc
2018-11-06T18:39:59.620Z,38.8134995,-122.8256683,1.65,1.06,md,14,84,0.005377,0.04,nc,nc73107551,2018-11-06T18:41:35.759Z,"7km NW of The Geysers, CA",earthquake,0.26,0.57,0.1,3,automatic,nc,nc
2018-11-06T18:32:40.520Z,33.6865,-116.7181667,15.77,0.7,ml,28,91,0.02483,0.11,ci,ci38351536,2018-11-06T20:04:37.206Z,"6km S of Idyllwild, CA",earthquake,0.22,0.29,0.14,13,reviewed,ci,ci
2018-11-06T18:31:35.430Z,38.0445,-122.2986667,6.03,0.82,md,20,84,0.04311,0.08,nc,nc73107546,2018-11-07T00:23:02.145Z,"3km WNW of Rodeo, CA",earthquake,0.23,0.45,0.073,11,reviewed,nc,nc
2018-11-06T18:29:58.719Z,62.8099,-150.691,30.1,1.3,ml,,,,0.61,ak,ak20333590,2018-11-06T18:33:48.103Z,"61km NNW of Talkeetna, Alaska",earthquake,,0.5,,,automatic,ak,ak
2018-11-06T18:21:48.470Z,33.4961667,-116.7928333,4.31,0.46,ml,14,67,0.08318,0.1,ci,ci38351528,2018-11-06T19:32:38.600Z,"9km NE of Aguanga, CA",earthquake,0.21,0.56,0.108,8,reviewed,ci,ci
2018-11-06T18:21:29.578Z,59.9128,-140.8416,36.7,2.1,ml,,,,1.11,ak,ak20333586,2018-11-06T18:26:24.802Z,"74km WNW of Yakutat, Alaska",earthquake,,0.5,,,automatic,ak,ak
2018-11-06T18:18:55.481Z,60.2418,-141.2476,16.1,1.3,ml,,,,1.04,ak,ak20333587,2018-11-06T18:24:13.825Z,"68km ENE of Cape Yakataga, Alaska",earthquake,,0.2,,,automatic,ak,ak
2018-11-06T18:09:37.379Z,69.6392,-144.2203,1.2,3.1,ml,,,,0.92,ak,ak20333579,2018-11-06T22:37:01.040Z,"70km SSW of Kaktovik, Alaska",earthquake,,0.9,,,automatic,ak,ak
2018-11-06T18:07:35.480Z,-31.3049,-72.5003,13.58,4.8,mb,,95,0.973,0.85,us,us2000i7lt,2018-11-06T22:15:01.040Z,"131km WNW of Illapel, Chile",earthquake,4.2,4.8,0.128,19,reviewed,us,us
2018-11-06T18:06:05.550Z,38.0461667,-122.2956667,6.68,1.2,md,32,44,0.04182,0.11,nc,nc73107541,2018-11-07T02:59:03.440Z,"3km WNW of Rodeo, CA",earthquake,0.2,0.45,0.164,21,reviewed,nc,nc
2018-11-06T17:54:32.920Z,37.6668333,-118.8751667,4.12,0.34,md,17,148,0.02706,0.08,nc,nc73107536,2018-11-06T18:58:02.988Z,"10km ENE of Mammoth Lakes, CA",earthquake,0.52,0.86,0.169,15,reviewed,nc,nc
2018-11-06T17:49:30.380Z,37.6636667,-118.8788333,3.36,1.01,md,20,143,0.0231,0.09,nc,nc73107531,2018-11-06T18:47:03.934Z,"9km ENE of Mammoth Lakes, CA",earthquake,0.37,0.29,0.228,17,reviewed,nc,nc
2018-11-06T17:47:28.320Z,33.4848333,-116.7878333,4.12,0.09,ml,9,255,0.09077,0.08,ci,ci38351520,2018-11-06T21:08:52.378Z,"8km ENE of Aguanga, CA",earthquake,0.76,0.44,0.078,3,reviewed,ci,ci
2018-11-06T17:47:27.510Z,38.793499,-122.8054962,2.78,1.5,md,24,72,0.01374,0.03,nc,nc73107526,2018-11-06T20:11:03.403Z,"5km WNW of The Geysers, CA",earthquake,0.23,0.56,0.08,6,automatic,nc,nc
2018-11-06T17:39:55.210Z,36.0255,-117.772,1.7,0.32,ml,9,126,0.005471,0.05,ci,ci38351496,2018-11-06T19:50:51.613Z,"16km NE of Little Lake, CA",earthquake,0.17,0.14,0.315,5,reviewed,ci,ci
2018-11-06T17:37:09.450Z,33.9508333,-116.621,14.17,0.81,ml,32,66,0.03875,0.09,ci,ci38351488,2018-11-06T20:12:36.063Z,"9km NW of Garnet, CA",earthquake,0.17,0.44,0.109,22,reviewed,ci,ci
2018-11-06T17:36:57.937Z,63.8672,-149.0409,46.1,1.3,ml,,,,1.12,ak,ak20333526,2018-11-06T17:41:27.332Z,"3km WNW of Healy, Alaska",earthquake,,0.9,,,automatic,ak,ak
2018-11-06T17:34:39.210Z,33.4968333,-116.7958333,2.45,0.5,ml,21,61,0.01595,0.15,ci,ci38351472,2018-11-06T19:32:55.400Z,"9km NE of Aguanga, CA",earthquake,0.22,0.3,0.102,17,reviewed,ci,ci
2018-11-06T17:32:56.176Z,37.5214,-118.0965,4.2,0.9,ml,11,119.74,0.183,0.1294,nn,nn00664513,2018-11-07T02:05:21.645Z,"31km ENE of Bishop, California",earthquake,,4.9,0.35,4,reviewed,nn,nn
2018-11-06T17:29:42.360Z,38.7523346,-122.7164993,1.17,1.74,md,10,143,0.02077,0.03,nc,nc73107516,2018-11-06T19:44:02.252Z,"3km SW of Anderson Springs, CA",earthquake,0.38,0.54,0.11,8,automatic,nc,nc
2018-11-06T17:28:21.170Z,37.5003,-118.1105,4.7,0.5,ml,6,156.61,0.172,0.0566,nn,nn00664515,2018-11-07T02:05:26.265Z,"29km ENE of Bishop, California",earthquake,,9,1.27,3,reviewed,nn,nn
2018-11-06T17:13:41.470Z,33.8508333,-116.2518333,4.07,0.99,ml,22,100,0.05953,0.13,ci,ci38351456,2018-11-06T20:22:37.129Z,"13km ENE of Thousand Palms, CA",earthquake,0.2,0.51,0.12,22,reviewed,ci,ci
2018-11-06T17:00:34.356Z,37.2431,-116.6914,8.1,0.3,ml,20,209.7,0.102,0.2371,nn,nn00664492,2018-11-07T02:05:13.513Z,"37km N of Beatty, Nevada",earthquake,,2.3,0.53,10,reviewed,nn,nn
2018-11-06T17:00:08.620Z,38.8240013,-122.7988358,2.51,1.06,md,16,81,0.008799,0.04,nc,nc73107511,2018-11-06T17:01:44.840Z,"6km NW of The Geysers, CA",earthquake,0.33,0.51,0.13,3,automatic,nc,nc
2018-11-06T16:54:10.210Z,38.7723351,-122.7490005,-0.67,1.31,md,12,91,0.01319,0.24,nc,nc73107506,2018-11-06T19:17:03.100Z,"1km SE of The Geysers, CA",earthquake,0.65,1.42,0.07,4,automatic,nc,nc
2018-11-06T16:53:27.299Z,37.2314,-116.7061,9,-0.3,ml,5,245.61,0.089,0.0403,nn,nn00664516,2018-11-07T02:05:27.748Z,"36km N of Beatty, Nevada",earthquake,,4.3,0.15,4,reviewed,nn,nn
2018-11-06T16:50:05.040Z,37.634,-119.04,1.41,0.17,md,7,120,0.007486,0.04,nc,nc73107501,2018-11-06T17:27:42.722Z,"5km W of Mammoth Lakes, CA",earthquake,0.33,0.72,0.194,7,reviewed,nc,nc
2018-11-06T16:37:48.990Z,60.2679,-140.6967,6.2,1.8,ml,,,,0.78,ak,ak20333508,2018-11-06T16:44:47.257Z,"96km NNW of Yakutat, Alaska",earthquake,,0.2,,,automatic,ak,ak
2018-11-06T16:27:49.657Z,61.2965,-150.5556,37.8,1.8,ml,,,,0.74,ak,ak20333459,2018-11-06T16:40:25.112Z,"36km WNW of Anchorage, Alaska",earthquake,,0.5,,,automatic,ak,ak
2018-11-06T16:15:23.060Z,34.0001667,-116.3183333,9.65,0.93,ml,23,55,0.09106,0.11,ci,ci38351416,2018-11-06T20:26:43.868Z,"15km S of Joshua Tree, CA",earthquake,0.2,0.41,0.109,15,reviewed,ci,ci
2018-11-06T16:14:24.715Z,60.1171,-141.125,15.9,1.1,ml,,,,0.62,ak,ak20333450,2018-11-06T16:20:38.118Z,"72km E of Cape Yakataga, Alaska",earthquake,,0.3,,,automatic,ak,ak
2018-11-06T16:11:57.220Z,33.4928333,-116.7908333,4.12,0.75,ml,28,52,0.02105,0.12,ci,ci38351408,2018-11-06T20:30:55.020Z,"9km NE of Aguanga, CA",earthquake,0.16,0.34,0.101,22,reviewed,ci,ci
2018-11-06T16:11:39.540Z,-22.1804,-174.4942,10,5.6,mww,,43,7.685,1.18,us,us2000i7iz,2018-11-06T22:43:14.040Z,"104km SSE of `Ohonua, Tonga",earthquake,8.5,1.4,0.069,20,reviewed,us,us
2018-11-06T16:07:58.351Z,61.2044,-150.6143,41.1,1.7,ml,,,,0.49,ak,ak20333448,2018-11-06T16:11:44.574Z,"38km W of Anchorage, Alaska",earthquake,,1.2,,,automatic,ak,ak
2018-11-06T16:05:25.946Z,60.4235,-147.4137,15.8,1.8,ml,,,,1.33,ak,ak20333444,2018-11-06T16:10:03.514Z,"79km ESE of Whittier, Alaska",earthquake,,0.2,,,automatic,ak,ak
2018-11-06T16:00:53.860Z,19.4043331,-155.2806702,0.03,1.85,ml,21,35,0.01111,0.11,hv,hv70676261,2018-11-06T16:06:37.030Z,"5km WSW of Volcano, Hawaii",earthquake,0.15,0.18,0.25,9,automatic,hv,hv
2018-11-06T15:56:58.487Z,37.2342,-116.7075,8.5,0,ml,9,247.28,0.091,0.1198,nn,nn00664517,2018-11-07T02:05:29.209Z,"36km N of Beatty, Nevada",earthquake,,3.1,1.03,6,reviewed,nn,nn
2018-11-06T15:53:48.350Z,33.5133333,-116.8003333,3.82,0.34,ml,23,98,0.0009609,0.08,ci,ci38351376,2018-11-06T21:08:35.546Z,"10km NE of Aguanga, CA",earthquake,0.16,0.33,0.055,7,reviewed,ci,ci
2018-11-06T15:46:48.600Z,36.5816667,-121.1365,8.87,1.17,md,16,111,0.03632,0.09,nc,nc73107491,2018-11-07T00:47:03.807Z,"6km N of Pinnacles, CA",earthquake,0.4,0.69,0.145,16,reviewed,nc,nc
2018-11-06T15:44:05.327Z,37.2358,-116.6824,8.4,0.8,ml,29,205.64,0.097,0.2467,nn,nn00664472,2018-11-07T02:05:09.955Z,"36km N of Beatty, Nevada",earthquake,,2.1,0.51,18,reviewed,nn,nn
2018-11-06T15:40:01.593Z,37.2475,-116.6764,7.6,0.8,ml,24,209.33,0.11,0.2198,nn,nn00664468,2018-11-07T02:05:08.221Z,"38km N of Beatty, Nevada",earthquake,,2.4,0.49,16,reviewed,nn,nn
2018-11-06T15:37:45.060Z,33.4788333,-116.7871667,4.18,0.68,ml,33,33,0.03522,0.16,ci,ci38351344,2018-11-06T20:06:27.025Z,"8km ENE of Aguanga, CA",earthquake,0.17,0.38,0.082,14,reviewed,ci,ci
2018-11-06T15:29:17.807Z,58.4617,-156.6759,208.2,2.2,ml,,,,0.44,ak,ak20333437,2018-11-06T15:35:34.251Z,"25km S of King Salmon, Alaska",earthquake,,1.3,,,automatic,ak,ak
2018-11-06T15:20:08.360Z,36.4746667,-121.016,6.09,1.35,md,11,140,0.04994,0.04,nc,nc73107481,2018-11-07T00:37:02.742Z,"13km ESE of Pinnacles, CA",earthquake,0.45,0.93,0.183,12,reviewed,nc,nc
2018-11-06T15:18:57.070Z,36.0346667,-117.8136667,1.36,0.93,ml,19,92,0.04036,0.13,ci,ci38351320,2018-11-06T19:59:15.072Z,"12km E of Coso Junction, CA",earthquake,0.18,0.23,0.211,7,reviewed,ci,ci
2018-11-06T15:14:26.820Z,36.0368333,-117.8151667,1.14,1.16,ml,22,88,0.04208,0.13,ci,ci38351312,2018-11-06T19:55:41.935Z,"12km E of Coso Junction, CA",earthquake,0.16,0.21,0.226,15,reviewed,ci,ci
2018-11-06T15:07:23.120Z,33.4865,-116.7891667,3.16,0.25,ml,19,96,0.02744,0.13,ci,ci37200244,2018-11-06T19:51:41.833Z,"8km NE of Aguanga, CA",earthquake,0.22,0.49,0.178,4,reviewed,ci,ci
2018-11-06T15:07:14.920Z,33.4888333,-116.7895,4.42,0.48,ml,29,36,0.02516,0.12,ci,ci38351296,2018-11-06T19:46:33.712Z,"9km NE of Aguanga, CA",earthquake,0.15,0.3,0.103,10,reviewed,ci,ci
2018-11-06T15:02:57.520Z,19.4038334,-155.2810059,0.15,1.73,md,20,44,0.01092,0.12,hv,hv70676206,2018-11-06T15:06:16.300Z,"5km WSW of Volcano, Hawaii",earthquake,0.15,0.18,0.4,16,automatic,hv,hv
2018-11-06T15:01:35.540Z,19.4026661,-155.2793274,0.51,1.84,ml,20,46,0.009028,0.08,hv,hv70676196,2018-11-06T15:07:18.200Z,"5km SW of Volcano, Hawaii",earthquake,0.16,0.24,0.3,11,automatic,hv,hv
2018-11-06T14:47:12.080Z,-2.9077,119.3888,10,4.4,mb,,65,2.123,1,us,us2000i7ht,2018-11-06T16:58:01.142Z,"3km NNE of Mamasa, Indonesia",earthquake,6.9,1.9,0.123,19,reviewed,us,us
2018-11-06T14:42:19.768Z,37.2422,-116.6905,6.7,-0.2,ml,9,229.44,0.101,0.1439,nn,nn00664518,2018-11-07T02:05:30.752Z,"37km N of Beatty, Nevada",earthquake,,2.8,0.68,6,reviewed,nn,nn
2018-11-06T14:39:50.690Z,33.4986667,-116.7951667,4.04,0.58,ml,30,36,0.01434,0.13,ci,ci38351272,2018-11-06T19:41:42.796Z,"9km NE of Aguanga, CA",earthquake,0.14,0.32,0.092,9,reviewed,ci,ci
2018-11-06T14:26:50.330Z,46.399,150.6443,93.17,4.8,mb,,129,6.937,0.99,us,us2000i7i1,2018-11-06T15:34:38.040Z,"250km ENE of Kuril'sk, Russia",earthquake,11.1,7.1,0.033,286,reviewed,us,us
2018-11-06T14:25:19.506Z,39.6779,-119.8813,3.9,1.1,ml,14,128.52,0.094,0.1927,nn,nn00664463,2018-11-07T02:05:06.196Z,"5km NW of Lemmon Valley, Nevada",earthquake,,2.6,0.27,7,reviewed,nn,nn
2018-11-06T14:20:55.610Z,-6.2048,147.5459,61.19,4.7,mb,,88,3.202,0.68,us,us2000i7h4,2018-11-06T15:22:53.040Z,"56km NW of Finschhafen, Papua New Guinea",earthquake,8.2,7.5,0.084,43,reviewed,us,us
2018-11-06T14:20:39.485Z,60.4899,-147.2766,29.1,1.5,ml,,,,0.69,ak,ak20333385,2018-11-06T14:24:03.105Z,"83km W of Cordova, Alaska",earthquake,,0.4,,,automatic,ak,ak
2018-11-06T14:19:35.112Z,37.2419,-116.6856,7.8,0.7,ml,26,224.29,0.102,0.2237,nn,nn00664462,2018-11-07T02:05:04.218Z,"37km N of Beatty, Nevada",earthquake,,1.9,0.65,15,reviewed,nn,nn
2018-11-06T14:09:32.383Z,36.7516,-115.8607,14.9,0.6,ml,37,124.69,0.081,0.1835,nn,nn00664459,2018-11-07T02:05:02.249Z,"61km N of Pahrump, Nevada",earthquake,,1,0.37,21,reviewed,nn,nn
2018-11-06T14:06:55.410Z,31.3472,130.2859,153.47,4.5,mb,,95,1.841,0.71,us,us2000i7h0,2018-11-06T14:55:39.040Z,"8km SSW of Kaseda, Japan",earthquake,5.7,6.6,0.08,46,reviewed,us,us
2018-11-06T13:57:30.830Z,17.872,-67.31,11,2.29,md,3,339,0.2413,0.03,pr,pr2018310005,2018-11-06T17:51:09.747Z,"17km SW of Pole Ojea, Puerto Rico",earthquake,1.73,0.48,0.07,3,reviewed,pr,pr
2018-11-06T13:52:22.184Z,37.2454,-116.6896,7.6,1.2,ml,39,88.43,0.105,0.1799,nn,nn00664454,2018-11-07T02:04:53.395Z,"37km N of Beatty, Nevada",earthquake,,1.6,0.37,23,reviewed,nn,nn
2018-11-06T13:47:14.340Z,38.005,-122.0743333,12.16,1.18,md,15,126,0.04823,0.08,nc,nc73107471,2018-11-07T00:16:03.614Z,"2km ESE of Vine Hill, CA",earthquake,0.42,0.63,0.104,12,reviewed,nc,nc
2018-11-06T13:27:55.020Z,36.009,-117.979,3.19,0.73,ml,14,172,0.07185,0.13,ci,ci38351232,2018-11-06T13:50:04.463Z,"5km SW of Coso Junction, CA",earthquake,0.44,1.33,0.157,4,reviewed,ci,ci
2018-11-06T13:27:00.390Z,37.6588333,-118.8553333,2.18,0.19,md,11,141,0.02594,0.03,nc,nc73107466,2018-11-06T17:23:42.728Z,"11km ENE of Mammoth Lakes, CA",earthquake,0.42,1.03,0.172,10,reviewed,nc,nc
2018-11-06T13:17:32.310Z,19.1411667,-155.6671667,7.92,2.3,ml,36,89,0.08082,0.18,hv,hv70676111,2018-11-06T19:30:35.520Z,"13km NE of Hawaiian Ocean View, Hawaii",earthquake,0.31,1.06,0.107,24,reviewed,hv,hv
2018-11-06T13:01:33.160Z,38.7546654,-122.7096634,-0.84,1.32,md,9,190,0.01575,0.26,nc,nc73107461,2018-11-06T13:37:02.940Z,"3km SW of Anderson Springs, CA",earthquake,1.39,2.36,,3,automatic,nc,nc
2018-11-06T12:50:54.150Z,37.2946663,-121.6738358,2.83,2.04,md,29,55,0.03562,0.03,nc,nc73107456,2018-11-06T13:10:02.766Z,"15km E of Seven Trees, CA",earthquake,0.14,0.5,0.15,21,automatic,nc,nc
2018-11-06T12:49:53.597Z,62.2312,-151.3912,86.2,1.9,ml,,,,0.55,ak,ak20333341,2018-11-06T12:54:39.561Z,"67km W of Talkeetna, Alaska",earthquake,,0.8,,,automatic,ak,ak
2018-11-06T12:38:05.430Z,19.1175,-66.1496,28,2.72,md,8,303,0.7446,0.11,pr,pr2018310004,2018-11-06T17:38:16.520Z,"72km N of San Juan, Puerto Rico",earthquake,0.75,6.76,0.23,5,reviewed,pr,pr
2018-11-06T12:33:54.970Z,37.4878333,-119.0245,1.6,0.52,md,12,172,0.1131,0.09,nc,nc73107451,2018-11-06T17:50:03.397Z,"17km SSW of Mammoth Lakes, CA",earthquake,0.4,4.09,0.26,11,reviewed,nc,nc
2018-11-06T12:28:58.340Z,33.4746667,-116.4126667,12.12,0.64,ml,24,125,0.04981,0.17,ci,ci38351208,2018-11-06T13:50:26.463Z,"23km SSW of La Quinta, CA",earthquake,0.35,0.75,0.13,17,reviewed,ci,ci
2018-11-06T12:11:39.720Z,52.061,-176.0716667,3.91,-0.27,ml,4,145,0.02065,0.1,av,av70810064,2018-11-07T00:21:23.110Z,"45km ENE of Adak, Alaska",earthquake,0.55,0.98,0.069,4,reviewed,av,av
2018-11-06T12:03:32.220Z,36.9748333,-121.6268333,4.46,0.86,md,20,52,0.04083,0.06,nc,nc73107446,2018-11-06T23:01:50.876Z,"6km WSW of Gilroy, CA",earthquake,0.2,0.33,0.277,16,reviewed,nc,nc
2018-11-06T12:02:19.720Z,36.6866667,-121.3133333,2.89,1.94,md,44,106,0.07566,0.05,nc,nc73107441,2018-11-07T00:26:02.668Z,"12km S of Tres Pinos, CA",earthquake,0.16,1.05,0.264,45,reviewed,nc,nc
2018-11-06T12:00:00.770Z,19.2025,-155.4628333,32.53,2.04,md,44,104,0.04685,0.09,hv,hv70676046,2018-11-06T19:42:27.380Z,"1km E of Pahala, Hawaii",earthquake,0.51,0.7,0.124,23,reviewed,hv,hv
2018-11-06T11:54:20.119Z,39.6844,-119.8916,5.7,0,ml,6,156.19,0.094,0.0651,nn,nn00664521,2018-11-07T02:05:32.617Z,"6km NW of Lemmon Valley, Nevada",earthquake,,5.8,0.04,2,reviewed,nn,nn
2018-11-06T11:48:04.390Z,19.1655,-155.4723333,32.39,1.76,md,33,89,0.01393,0.09,hv,hv70676031,2018-11-06T19:52:05.750Z,"4km S of Pahala, Hawaii",earthquake,0.57,0.64,0.072,21,reviewed,hv,hv
2018-11-06T11:38:24.623Z,61.522,-149.9127,35,1,ml,,,,0.29,ak,ak20333332,2018-11-06T11:45:08.902Z,"2km E of Big Lake, Alaska",earthquake,,4.3,,,automatic,ak,ak
2018-11-06T11:32:43.983Z,38.5531,-118.4435,5,1.1,ml,9,87.94,0.144,0.0977,nn,nn00664452,2018-11-07T02:04:50.872Z,"16km ENE of Hawthorne, Nevada",earthquake,,15.3,0.17,3,reviewed,nn,nn
2018-11-06T11:27:56.792Z,36.7183,-115.9088,7.6,0.1,ml,10,225.58,0.062,0.207,nn,nn00664526,2018-11-07T02:05:36.226Z,"56km N of Pahrump, Nevada",earthquake,,1.5,0.39,3,reviewed,nn,nn
2018-11-06T11:19:28.520Z,-5.2137,146.332,163.21,5,mb,,51,3.314,0.85,us,us2000i7es,2018-11-06T11:38:55.040Z,"59km E of Madang, Papua New Guinea",earthquake,7.8,7.1,0.045,158,reviewed,us,us
2018-11-06T11:05:25.228Z,36.7647,-116.2712,8.7,-0.4,ml,7,210.98,0.06,0.1138,nn,nn00664542,2018-11-07T02:05:41.616Z,"46km ESE of Beatty, Nevada",earthquake,,2.4,0.12,2,reviewed,nn,nn
2018-11-06T11:04:59.390Z,36.7638,-116.2739,8.2,-0.3,ml,23,53.14,0.056,0.1783,nn,nn00664450,2018-11-07T02:04:48.962Z,"46km ESE of Beatty, Nevada",earthquake,,1.2,0.59,9,reviewed,nn,nn
2018-11-06T11:03:07.071Z,61.7712,-140.0927,0,1.5,ml,,,,0.72,ak,ak20333287,2018-11-06T11:06:12.758Z,"179km NW of Haines Junction, Canada",earthquake,,1.1,,,automatic,ak,ak
2018-11-06T11:02:03.600Z,58.1713333,-155.3563333,-2.18,-0.61,ml,6,175,0.04156,0.04,av,av70810059,2018-11-07T00:16:35.520Z,"95km SE of King Salmon, Alaska",earthquake,0.34,1.82,0.185,6,reviewed,av,av
2018-11-06T11:01:43.319Z,36.7654,-116.2718,8.1,-0.5,ml,7,148.95,0.058,0.1215,nn,nn00664538,2018-11-07T02:05:40.087Z,"46km ESE of Beatty, Nevada",earthquake,,1.9,0.19,3,reviewed,nn,nn
2018-11-06T10:45:36.490Z,34.9891667,-118.4861667,1.75,1.11,ml,30,34,0.1187,0.16,ci,ci38351192,2018-11-06T19:19:55.010Z,"16km SSW of Tehachapi, CA",earthquake,0.17,0.43,0.213,20,reviewed,ci,ci
2018-11-06T10:33:16.780Z,60.0735,-141.9812,9.7,1.3,ml,,,,0.61,ak,ak20333284,2018-11-06T10:35:58.122Z,"25km E of Cape Yakataga, Alaska",earthquake,,1,,,automatic,ak,ak
2018-11-06T10:11:11.490Z,38.8086662,-122.8180008,2.52,0.93,md,12,65,0.008735,0.04,nc,nc73107431,2018-11-06T10:25:02.424Z,"6km WNW of The Geysers, CA",earthquake,0.37,0.68,0.13,2,automatic,nc,nc
2018-11-06T10:02:25.042Z,38.4335,-116.9496,7.9,0.9,ml,10,118.37,0.418,0.1936,nn,nn00664448,2018-11-07T02:04:46.052Z,"47km NNE of Tonopah, Nevada",earthquake,,18.6,0.15,4,reviewed,nn,nn
2018-11-06T09:40:47.840Z,35.7658333,-118.0225,4.22,1.07,ml,24,114,0.1215,0.09,ci,ci37200228,2018-11-06T16:58:52.100Z,"22km SSW of Little Lake, CA",earthquake,0.16,0.47,0.191,18,reviewed,ci,ci
2018-11-06T09:40:42.630Z,36.1475,-118.0771667,2.43,1.15,ml,8,153,0.1824,0.12,ci,ci38351184,2018-11-06T17:06:08.909Z,"16km NW of Coso Junction, CA",earthquake,0.47,1.52,0.158,2,reviewed,ci,ci
2018-11-06T09:38:20.081Z,38.4336,-116.9191,8.1,0.9,ml,8,121.26,0.431,0.1944,nn,nn00664447,2018-11-07T02:04:44.130Z,"48km NNE of Tonopah, Nevada",earthquake,,13.3,0.12,2,reviewed,nn,nn
2018-11-06T09:29:19.780Z,33.6306667,-116.856,13.73,0.32,ml,8,100,0.07978,0.04,ci,ci38351176,2018-11-06T13:51:18.578Z,"14km SSE of Valle Vista, CA",earthquake,0.27,0.5,0.125,8,reviewed,ci,ci
2018-11-06T09:08:09.170Z,33.0355,-116.568,15.9,0.52,ml,15,161,0.0517,0.11,ci,ci37200236,2018-11-06T17:34:14.084Z,"6km SSE of Julian, CA",earthquake,0.32,0.48,0.147,6,reviewed,ci,ci
2018-11-06T09:08:06.040Z,33.3468333,-116.8321667,15.89,0.43,ml,26,70,0.02639,0.16,ci,ci38351168,2018-11-06T17:34:43.089Z,"3km ESE of Palomar Observatory, CA",earthquake,0.28,0.59,0.216,8,reviewed,ci,ci
2018-11-06T09:06:38.100Z,18.62,-66.7391,15,2.04,md,5,272,0.2738,0.43,pr,pr2018310003,2018-11-06T11:52:15.664Z,"16km N of Arecibo, Puerto Rico",earthquake,2.67,4.11,0.4,5,reviewed,pr,pr
2018-11-06T09:05:07.386Z,63.0066,-150.1787,73.4,1.4,ml,,,,0.9,ak,ak20333240,2018-11-06T09:09:35.556Z,"75km SW of Cantwell, Alaska",earthquake,,0.9,,,automatic,ak,ak
2018-11-06T09:00:29.430Z,38.6617,-118.8931,6.5,1.1,ml,17,77.49,0.422,0.1787,nn,nn00664445,2018-11-07T02:04:42.587Z,"27km WNW of Hawthorne, Nevada",earthquake,,7.1,0.16,9,reviewed,nn,nn
2018-11-06T08:43:27.200Z,33.5085,-116.7936667,3.85,0.32,ml,16,47,0.006788,0.12,ci,ci38351160,2018-11-06T13:52:05.970Z,"10km NE of Aguanga, CA",earthquake,0.26,0.56,0.106,7,reviewed,ci,ci
2018-11-06T08:31:01.020Z,-19.7185,-69.4267,86.22,4.7,mb,,60,0.219,0.77,us,us2000i7cy,2018-11-06T12:05:13.662Z,"93km NE of Iquique, Chile",earthquake,6.2,4.3,0.046,146,reviewed,us,us
2018-11-06T08:17:34.280Z,58.1898333,-155.3716667,0.33,-0.14,ml,8,217,0.03068,0.2,av,av61812821,2018-11-07T00:08:04.210Z,"93km SE of King Salmon, Alaska",earthquake,1.1,1.94,0.152,8,reviewed,av,av
2018-11-06T08:09:09.730Z,38.8088341,-122.8201675,1,1.47,md,21,73,0.00704,0.06,nc,nc73107426,2018-11-06T11:01:03.662Z,"6km WNW of The Geysers, CA",earthquake,0.24,0.38,0.1,4,automatic,nc,nc
2018-11-06T08:04:24.810Z,36.0143333,-117.9816667,4.99,0.82,ml,13,180,0.07429,0.07,ci,ci38351152,2018-11-06T13:53:45.591Z,"4km SW of Coso Junction, CA",earthquake,0.28,1.05,0.215,8,reviewed,ci,ci
2018-11-06T08:04:11.943Z,62.2939,-149.2336,34.7,1.7,ml,,,,0.34,ak,ak20333204,2018-11-06T08:06:36.025Z,"35km ENE of Y, Alaska",earthquake,,3.7,,,automatic,ak,ak
2018-11-06T07:59:44.746Z,37.3608,-116.0013,3.8,-0.1,ml,11,284.4,0.172,0.1445,nn,nn00664503,2018-11-07T02:05:18.159Z,"74km W of Alamo, Nevada",earthquake,,10.5,0.28,7,reviewed,nn,nn
2018-11-06T07:53:16.410Z,33.7811667,-116.1385,5.35,1.45,ml,44,71,0.07087,0.17,ci,ci38351144,2018-11-06T13:53:47.592Z,"10km NE of Indio, CA",earthquake,0.21,0.62,0.12,25,reviewed,ci,ci
2018-11-06T07:50:26.270Z,34.0461667,-117.2431667,18.07,1,ml,20,49,0.1218,0.16,ci,ci38351136,2018-11-06T13:53:50.592Z,"2km E of Loma Linda, CA",earthquake,0.4,0.74,0.185,17,reviewed,ci,ci
2018-11-06T07:48:33.500Z,37.6766667,-118.865,-0.57,0.31,md,9,211,0.03491,0.1,nc,nc73107416,2018-11-06T17:40:03.330Z,"11km ENE of Mammoth Lakes, CA",earthquake,0.93,0.51,0.288,8,reviewed,nc,nc
2018-11-06T07:39:28.684Z,38.3485,-115.8008,0.6,1.7,ml,29,112.67,0.169,0.211,nn,nn00664437,2018-11-07T02:04:40.674Z,"52km SSW of Currant, Nevada",earthquake,,1.5,0.2,15,reviewed,nn,nn
2018-11-06T07:37:23.541Z,61.7472,-148.1986,15.6,1.2,ml,,,,0.36,ak,ak20333202,2018-11-06T07:39:51.931Z,"34km E of Sutton-Alpine, Alaska",earthquake,,0.2,,,automatic,ak,ak
2018-11-06T07:33:55.072Z,60.4885,-147.17,12.3,1.5,ml,,,,0.51,ak,ak20333203,2018-11-06T07:39:52.153Z,"77km W of Cordova, Alaska",earthquake,,0.3,,,automatic,ak,ak
2018-11-06T07:31:24.250Z,52.0668333,-176.1088333,-1.8,-0.37,ml,4,116,0.02636,0.09,av,av70810054,2018-11-07T00:05:23.300Z,"43km ENE of Adak, Alaska",earthquake,0.33,2.23,0.276,4,reviewed,av,av
2018-11-06T07:24:20.884Z,61.7287,-148.4215,8.4,1.1,ml,,,,0.72,ak,ak20333199,2018-11-06T07:28:10.018Z,"23km ESE of Sutton-Alpine, Alaska",earthquake,,0.3,,,automatic,ak,ak
2018-11-06T07:22:49.260Z,33.9643333,-116.2888333,1.82,0.88,ml,23,90,0.1024,0.17,ci,ci38351128,2018-11-06T13:58:21.625Z,"19km NNE of Thousand Palms, CA",earthquake,0.26,0.42,0.151,19,reviewed,ci,ci
2018-11-06T07:16:19.790Z,32.9573333,-115.904,8.34,1.06,ml,26,71,0.06706,0.18,ci,ci38351120,2018-11-06T16:47:03.684Z,"26km NNE of Ocotillo, CA",earthquake,0.3,0.84,0.19,8,reviewed,ci,ci
2018-11-06T07:15:06.362Z,61.0601,-151.0421,15.8,1.3,ml,,,,0.22,ak,ak20333195,2018-11-06T07:18:28.455Z,"43km NNE of Nikiski, Alaska",earthquake,,0.2,,,automatic,ak,ak
2018-11-06T07:12:05.890Z,37.191,-119.7335,20.09,1.87,md,7,116,0.1997,0.08,nc,nc73107401,2018-11-06T18:49:02.943Z,"4km E of Yosemite Lakes, CA",earthquake,0.28,0.47,0.062,5,reviewed,nc,nc
2018-11-06T07:11:24.840Z,33.4955,-116.79,3.98,0.13,ml,21,57,0.01892,0.11,ci,ci38351112,2018-11-06T16:28:44.146Z,"9km NE of Aguanga, CA",earthquake,0.2,0.35,0.061,7,reviewed,ci,ci
2018-11-06T07:05:29.005Z,69.5427,-144.8672,0,2.5,ml,,,,0.85,ak,ak20333192,2018-11-06T07:18:28.235Z,"81km SW of Kaktovik, Alaska",earthquake,,1.3,,,automatic,ak,ak
2018-11-06T07:02:58.739Z,40.2883,-119.6575,0,0.6,ml,3,319.6,0.367,0.1254,nn,nn00664502,2018-11-07T02:05:16.676Z,"40km SW of Gerlach-Empire, Nevada",earthquake,,0,0.15,2,reviewed,nn,nn
2018-11-06T07:02:16.740Z,34.2083333,-116.8435,3.88,1.35,ml,39,43,0.08363,0.2,ci,ci38351104,2018-11-06T13:59:19.530Z,"6km S of Big Bear City, CA",earthquake,0.28,0.85,0.146,27,reviewed,ci,ci
2018-11-06T06:55:23.322Z,40.3268,-119.6852,3.8,2.8,ml,16,77.52,0.397,0.1466,nn,nn00664430,2018-11-07T02:04:35.833Z,"38km SW of Gerlach-Empire, Nevada",earthquake,,2.9,0.15,7,reviewed,nn,nn
2018-11-06T06:46:21.690Z,36.1506667,-118.0695,0.36,1.71,ml,19,109,0.1769,0.17,ci,ci38351088,2018-11-06T13:59:48.634Z,"16km SSW of Olancha, CA",earthquake,0.29,0.61,0.257,25,reviewed,ci,ci
2018-11-06T06:38:26.000Z,38.8058319,-122.7914963,1.37,1.18,md,20,58,0.01124,0.04,nc,nc73107391,2018-11-06T09:48:03.216Z,"4km NW of The Geysers, CA",earthquake,0.2,0.42,0.22,4,automatic,nc,nc
2018-11-06T06:35:51.550Z,36.1476667,-118.0665,0.59,3.48,ml,32,76,0.1739,0.17,ci,ci38351080,2018-11-07T01:33:57.969Z,"16km NW of Coso Junction, CA",earthquake,0.18,0.5,0.14,302,reviewed,ci,ci
2018-11-06T06:35:30.335Z,62.7448,-149.3873,15,0.6,ml,,,,0.9,ak,ak20333183,2018-11-06T18:51:36.160Z,"59km NE of Talkeetna, Alaska",earthquake,,2.6,,,reviewed,ak,ak
2018-11-06T06:22:11.480Z,46.5811666666667,-119.827,7.2,0.48,ml,10,174,,0.05,uw,uw61502616,2018-11-06T18:12:38.980Z,"12km SSE of Desert Aire, Washington",earthquake,0.28,0.2,0.0776386371610859,8,reviewed,uw,uw
2018-11-06T06:18:11.091Z,40.3057,-119.7104,4,2.1,ml,16,159.26,0.372,0.2279,nn,nn00664406,2018-11-07T02:04:31.879Z,"41km SW of Gerlach-Empire, Nevada",earthquake,,7.3,0.24,8,reviewed,nn,nn
2018-11-06T06:14:28.780Z,38.8248329,-122.8050003,2.19,1.41,md,27,65,0.004215,0.04,nc,nc73107366,2018-11-06T07:44:02.749Z,"7km NW of The Geysers, CA",earthquake,0.23,0.34,0.08,5,automatic,nc,nc
2018-11-06T06:13:59.469Z,61.9641,-150.2919,30.9,1.4,ml,,,,0.62,ak,ak20333180,2018-11-06T06:19:39.071Z,"27km NNW of Willow, Alaska",earthquake,,0.3,,,automatic,ak,ak
2018-11-06T06:12:19.120Z,40.3798333,-120.7548333,-0.16,2.01,md,18,91,0.1946,0.12,nc,nc73107361,2018-11-07T02:04:29.242Z,"10km WSW of Susanville, CA",earthquake,0.42,4.45,0.067,14,reviewed,nc,nc
2018-11-06T05:53:38.380Z,38.8310013,-122.7983322,1.25,0.23,md,9,90,0.009677,0.01,nc,nc73107351,2018-11-06T06:08:03.493Z,"7km W of Cobb, CA",earthquake,0.32,0.91,,1,automatic,nc,nc
2018-11-06T05:43:44.000Z,32.9076,90.3416,10,4.7,mb,,88,3.264,1.19,us,us2000i7bi,2018-11-06T06:50:19.040Z,"136km NNE of Pubu, China",earthquake,9.8,1.9,0.064,74,reviewed,us,us
2018-11-06T05:41:00.690Z,29.2926,130.5364,35,4.8,mb,,115,3.16,0.76,us,us2000i7bj,2018-11-06T06:05:40.040Z,"145km NE of Naze, Japan",earthquake,8.5,2,0.055,101,reviewed,us,us
2018-11-06T05:36:52.480Z,38.809166,-122.8201675,1.68,0.89,md,13,85,0.007046,0.03,nc,nc73107346,2018-11-06T05:54:03.412Z,"7km WNW of The Geysers, CA",earthquake,0.4,0.61,0.13,2,automatic,nc,nc
2018-11-06T05:32:18.500Z,37.834,-121.9783333,7.1,1.19,md,22,85,0.02314,0.09,nc,nc73107341,2018-11-07T01:22:03.249Z,"2km W of Diablo, CA",earthquake,0.24,0.3,0.21,14,reviewed,nc,nc
2018-11-06T05:29:32.630Z,38.8106651,-122.8215027,1.86,0.78,md,13,79,0.006259,0.03,nc,nc73107336,2018-11-06T05:44:03.163Z,"7km WNW of The Geysers, CA",earthquake,0.31,0.55,0.02,3,automatic,nc,nc
2018-11-06T05:17:27.190Z,40.3746667,-120.7981667,1.71,1.74,md,13,117,0.3368,0.15,nc,nc73107331,2018-11-07T02:04:26.991Z,"14km WSW of Susanville, CA",earthquake,0.86,31.61,0.088,10,reviewed,nc,nc
2018-11-06T05:13:44.520Z,34.0275,-117.2303333,13.24,1.1,ml,44,41,0.0891,0.13,ci,ci38351056,2018-11-06T16:55:22.730Z,"4km SE of Loma Linda, CA",earthquake,0.2,0.4,0.213,22,reviewed,ci,ci
2018-11-06T05:12:46.850Z,32.9551667,-115.8981667,10.06,1.18,ml,32,40,0.08325,0.21,ci,ci38351048,2018-11-06T17:08:10.692Z,"26km NNE of Ocotillo, CA",earthquake,0.24,0.63,0.174,18,reviewed,ci,ci
2018-11-06T05:01:02.100Z,15.5704,-94.5917,10,4.3,mb,,180,2.465,1.05,us,us2000i7b4,2018-11-06T06:37:16.040Z,"73km S of San Francisco del Mar, Mexico",earthquake,8.3,2,0.071,56,reviewed,us,us
2018-11-06T04:58:03.000Z,40.3653333,-120.7315,0.65,1.96,md,16,130,0.3009,0.2,nc,nc73107316,2018-11-06T17:15:05.180Z,"9km SW of Susanville, CA",earthquake,0.89,7.11,0.143,10,reviewed,nc,nc
2018-11-06T04:53:21.311Z,40.3738,-120.7566,0,1.1,ml,8,164.83,0.344,0.2026,nn,nn00664497,2018-11-07T02:05:15.314Z,"9km WSW of Susanville, California",earthquake,,2.6,0.02,2,reviewed,nn,nn
2018-11-06T04:53:01.825Z,61.402,-151.8279,108.9,3,ml,,,,0.59,ak,ak20333130,2018-11-06T05:15:09.453Z,"84km NNW of Nikiski, Alaska",earthquake,,0.3,,,automatic,ak,ak
